{"loss": 6.730534553527832, "val_loss": 6.043453216552734, "accuracy": 0.079, "val_accuracy": 0.084, "_runtime": 54, "_timestamp": 1621625176, "_step": 3}