{"loss": 5.759345054626465, "val_loss": 7.061053276062012, "accuracy": 0.0, "val_accuracy": 0.0, "_runtime": 42, "_timestamp": 1621625107, "_step": 2}