{"loss": 3.583360195159912, "val_loss": 3.99971866607666, "accuracy": 0.0, "val_accuracy": 0.0, "_runtime": 312, "_timestamp": 1621665482, "_step": 13}