{"loss": 0.021341033279895782, "val_loss": 1.2123444080352783, "accuracy": 1.0, "val_accuracy": 1.0, "_runtime": 25, "_timestamp": 1621663459, "_step": 35}