{"loss": 3.6728599071502686, "val_loss": 4.422217845916748, "accuracy": 0.0, "val_accuracy": 0.0, "_runtime": 4880, "_timestamp": 1621663172, "_step": 202}