{"loss": 6.710109710693359, "val_loss": 6.0011701583862305, "accuracy": 0.094, "val_accuracy": 0.1, "_runtime": 54, "_timestamp": 1621625047, "_step": 3}