{"loss": 0.5287768244743347, "val_loss": 8.334918022155762, "accuracy": 0.0, "val_accuracy": 0.0, "_runtime": 1047, "_timestamp": 1621664983, "_step": 94}