{"loss": 5.9604641222676946e-08, "val_loss": 2.6325643062591553, "accuracy": 1.0, "val_accuracy": 1.0, "_runtime": 22, "_timestamp": 1621663585, "_step": 35}