{"loss": 3.6200127601623535, "val_loss": 4.991313457489014, "accuracy": 0.0, "val_accuracy": 0.0, "_runtime": 1435, "_timestamp": 1621658242, "_step": 58}