{"loss": 4.305907249450684, "val_loss": 4.631899833679199, "accuracy": 0.0, "val_accuracy": 0.0, "_runtime": 2380, "_timestamp": 1621667905, "_step": 215}