{"loss": 0.937152087688446, "val_loss": 7.625433444976807, "accuracy": 0.001, "val_accuracy": 0.0, "_runtime": 435, "_timestamp": 1621652451, "_step": 35}