{"loss": 3.93021297454834, "val_loss": 6.696865081787109, "accuracy": 0.0, "val_accuracy": 0.0, "_runtime": 890, "_timestamp": 1621656478, "_step": 35}