{"loss": 0.019959865137934685, "val_loss": 1.1737892627716064, "accuracy": 1.0, "val_accuracy": 1.0, "_runtime": 27, "_timestamp": 1621663428, "_step": 35}