{"loss": 7.669093974982388e-06, "val_loss": 2.0565807819366455, "accuracy": 1.0, "val_accuracy": 1.0, "_runtime": 28, "_timestamp": 1621663385, "_step": 35}